{
  "id": "112638136365359060811666331781839957994_262650593813279",
  "tweets": {
    "count" : 6,
    "data": [
      {
        "id": "112638136365359060811666331781839957994_262650593813279_262650593813278",
        "from": {
          "avatar_name": "Phoenix",
          "vsID": "224579102946901274856234588294272937293"
        },
        "message": "Stay six feet away. Maintain social distancing to slow the spread of COVID-19."
      },

      {
        "id": "112638136365359060811666331781839957994_262650593813278_262650593813277",
        "from": {
          "avatar_name": "Bob",
          "vsID": "224579102946930562719012788294272937293"
        },
        "message": "The fast spread of covid-19 has plunged the global economy and has made millions of people lose their jobs."
      },

      {
        "id": "112638136365359060811666331781839957994_262650593813278_262650593813276",
        "from": {
          "avatar_name": "CDC",
          "vsID": "224579102946901274856234588294272937293"
        },
        "message": "The vaccine for Covid has now been approved for use and has 90% success rate which means after an year we have a vaccine to the global pandemic!!."
      },

      {
        "id": "112638136365359060811666331781839957994_262650593813278_262650593813275",
        "from": {
          "avatar_name": "World Health Organization",
          "vsID": "224579102946930562719012788294272937294"
        },
        "message": "This week, the Americas account for nearly half of all new #COVID19 cases and more than a third of all new deaths. New cases remain high in Europe, while new deaths have decreased for a 2nd week."
      },

      {
        "id": "112638136365359060811666331781839957994_262650593813278_262650593813274",
        "from": {
          "avatar_name": "Felix",
          "vsID": "224579102946930562719012788294272937295"
        },
        "message": "Masks can help protect you, protect others, and slow the spread, so please wear a mask!"
      },

      {
        "id": "112638136365359060811666331781839957994_262650593813278_262650593813273",
        "from": {
          "avatar_name": "Samantha",
          "vsID": "224579102946930562719012788294272937296"
        },
        "message": "Covid-19 death rates are finally slowing down."
      }
    ]
  }
}
      
  



